text,label
The movie was fantastic! I loved the storyline and the acting.,positive
"The product quality is terrible, it broke within a week.",negative
I had a wonderful experience with customer service. They were very helpful.,positive
This restaurant serves amazing food. Highly recommend the pasta!,positive
The book was a bit boring and not what I expected.,negative
Absolutely loved the design of this gadget. Worth every penny.,positive
"The delivery was delayed, and the item was damaged.",negative
This is the best smartphone I’ve ever owned. Highly satisfied!,positive
"The concert was a disappointment, the sound quality was poor.",negative
Enjoyed my stay at this hotel. The rooms were clean and spacious.,positive
Terrible app! Crashes frequently and is full of bugs.,negative
The software update improved the performance significantly.,positive
"This dish tastes awful, I couldn’t even finish it.",negative
Great service by the staff. They went above and beyond.,positive
I wouldn’t recommend this product to anyone. Waste of money.,negative
"The flight experience was smooth, and the crew was friendly.",positive
This is my favorite song! I can’t stop listening to it.,positive
Had an average experience with the car rental service.,neutral
The game is so much fun to play. Excellent graphics!,positive
The gym equipment is outdated and poorly maintained.,negative
I am very happy with this purchase. Exceeded expectations!,positive
The experience at this park was unforgettable. So serene.,positive
"The packaging was terrible, and the item arrived damaged.",negative
The performance by the artist was breathtaking. A true masterpiece.,positive
Not worth the hype. Very disappointed with the results.,negative
My kids absolutely loved this toy. Very entertaining!,positive
The customer support didn’t resolve my issue. Very frustrating.,negative
I loved the creativity and the effort put into this craft.,positive
This online course is incredibly informative. Learned a lot!,positive
The screen resolution on this monitor is stunning.,positive
I was unhappy with the service provided by the technician.,negative
The quality of the fabric is amazing. Feels so luxurious.,positive
This new feature in the app is very innovative and useful.,positive
The beach was crowded and littered. Not a pleasant experience.,negative
The theater has a cozy ambiance. Perfect for movie nights.,positive
The sound system is too complicated to set up. Not user-friendly.,negative
This training session was very engaging and insightful.,positive
The battery life on this laptop is disappointing.,negative
Amazing flavor! The spices were perfectly balanced.,positive
I had an issue with the payment process. Needs improvement.,negative
The educational content is of high quality. Very well explained.,positive
The curtains don’t block light as advertised. Not happy.,positive
This new smartphone feature is revolutionary. Changed my workflow!,negative
The park was clean and well-maintained. A great family outing.,positive
I didn’t like the taste of this new recipe. Needs improvement.,positive
The weather was perfect for hiking. Had an incredible time.,positive
The app’s user interface is very intuitive and easy to use.,negative
I regret buying this vacuum cleaner. It’s ineffective.,negative
The training module is too complex for beginners. Needs simplification.,positive
Loved the vibrant colors of this painting. Truly artistic.,positive
